#Generated 2021-04-22 using ViennaRNA 2.4.15 and default (Turner2004) energy parameters,,,,,,,
Set,Sequence,Spacing,Fluorescence.Average,Fluorescence.Stdev,Fluorescence.NumMeasurements,Paper.Salis2009.Total.dG,OSTIR.ViennaRNA.Turner2004.No.Spacing.dG
1,TTCTAGAAAAAAAATAAGGAGGTATGGCGAGCTCTGAAGACGTTATCAAAGAGTTCATGCGTTTCAAAGTTCGTATGGAA,0,101.28,54.34,5,4.104,-8.975
1,TTCTAGAAAAAAAATAAGGAGGTAATGGCGAGCTCTGAAGACGTTATCAAAGAGTTCATGCGTTTCAAAGTTCGTATGGA,1,133.59,118.37,5,3.881,-8.975
1,TTCTAGAAAAAAAATAAGGAGGTAAATGGCGAGCTCTGAAGACGTTATCAAAGAGTTCATGCGTTTCAAAGTTCGTATGG,2,247.7,119.81,5,1.554,-8.975
1,TTCTAGAAAAAAAATAAGGAGGTAAAATGGCGAGCTCTGAAGACGTTATCAAAGAGTTCATGCGTTTCAAAGTTCGTATG,3,24972.09,4944.5,5,-6.55,-8.975
1,TTCTAGAAAAAAAATAAGGAGGTAAAAATGGCGAGCTCTGAAGACGTTATCAAAGAGTTCATGCGTTTCAAAGTTCGTAT,4,53933.01,15012.58,5,-8.07,-8.975
1,TTCTAGAAAAAAAATAAGGAGGTAAAAAATGGCGAGCTCTGAAGACGTTATCAAAGAGTTCATGCGTTTCAAAGTTCGTA,5,46451.1,8331.8,5,-8.075,-8.975
1,TTCTAGAAAAAAAATAAGGAGGTAAAAAAATGGCGAGCTCTGAAGACGTTATCAAAGAGTTCATGCGTTTCAAAGTTCGT,6,42631.1,7131.28,5,-7.787,-8.975
1,TTCTAGAAAAAAAATAAGGAGGTAAAAAAAATGGCGAGCTCTGAAGACGTTATCAAAGAGTTCATGCGTTTCAAAGTTCG,7,35854.42,8226.27,5,-7.403,-8.975
1,TTCTAGAAAAAAAATAAGGAGGTAAAAAAAAATGGCGAGCTCTGAAGACGTTATCAAAGAGTTCATGCGTTTCAAAGTTC,8,26956.07,5435.81,5,-6.923,-8.975
1,TTCTAGAAAAAAAATAAGGAGGTAAAAAAAAAATGGCGAGCTCTGAAGACGTTATCAAAGAGTTCATGCGTTTCAAAGTT,9,19885.6,4483.69,5,-6.347,-8.975
1,TTCTAGAAAAAAAATAAGGAGGTAAAAAAAAAAATGGCGAGCTCTGAAGACGTTATCAAAGAGTTCATGCGTTTCAAAGT,10,14258.87,3345.26,5,-5.675,-8.975
1,TTCTAGAAAAAAAATAAGGAGGTAAAAAAAAAAAAATGGCGAGCTCTGAAGACGTTATCAAAGAGTTCATGCGTTTCAAA,12,5576.24,775.6,5,-4.043,-8.975
1,TTCTAGAAAAAAAATAAGGAGGTAAAAAAAAAAAAAAAATGGCGAGCTCTGAAGACGTTATCAAAGAGTTCATGCGTTTC,15,1223.54,370.41,5,-0.875,-9.475
2,TTCTAGAGAAAGACAGGACCCACTAGTATGGCGAGCTCTGAAGACGTTATCAAAGAGTTCATGCGTTTCAAAGTTCGTATGGA,6,479.22,116.92,6,4.32,1.325
2,TTCTAGAGAAAGAAGGGACAGACTAGTATGGCGAGCTCTGAAGACGTTATCAAAGAGTTCATGCGTTTCAAAGTTCGTATGGA,6,869.34,228.1,6,2.82,0.325
2,TTCTAGAGAAAGAAGAGACTCACTAGTATGGCGAGCTCTGAAGACGTTATCAAAGAGTTCATGCGTTTCAAAGTTCGTATGGA,8,100.92,26.5,6,7.5,3.325
2,TTCTAGAGAAAGAAGGGATACACTAGTATGGCGAGCTCTGAAGACGTTATCAAAGAGTTCATGCGTTTCAAAGTTCGTATGGA,6,480.03,135.34,6,2.72,1.425
2,TTCTAGAGAAAGACGCGAGAAACTAGTATGGCGAGCTCTGAAGACGTTATCAAAGAGTTCATGCGTTTCAAAGTTCGTATGGA,6,171.33,50.73,6,5.32,1.925
2,TTCTAGAGAAAGAAACGACATACTAGTATGGCGAGCTCTGAAGACGTTATCAAAGAGTTCATGCGTTTCAAAGTTCGTATGGA,6,12.53,5.78,6,8.22,6.325
2,TTCTAGAaaatgtcaattttgctactggccttacaatATGGCGAGCTCTGAAGACGTTATCAAAGAGTTCATGCGTTTCAAAGTTCGTATGGA,5,44.77,13.9,6,7.92,7.625
2,TTCTAGAaacttccgttaatcagttataaggtggattATGGCGAGCTCTGAAGACGTTATCAAAGAGTTCATGCGTTTCAAAGTTCGTATGGA,5,3416.73,656.07,6,7.64,3.625
2,TTCTAGActttaatttaacgtaaataaggaagtcattATGGCGAGCTCTGAAGACGTTATCAAAGAGTTCATGCGTTTCAAAGTTCGTATGGA,4,11571.19,2173.26,6,1.63,2.025
2,TTCTAGAattaaagAGGAgaaatagcATGGCGAGCTCTGAAGACGTTATCAAAGAGTTCATGCGTTTCAAAGTTCGTATGGA,5,14259.93,2530.75,6,-1.78,-4.175
2,TTCTAGAattaaagAGGAgatagcATGGCGAGCTCTGAAGACGTTATCAAAGAGTTCATGCGTTTCAAAGTTCGTATGGA,6,3318.63,880.53,6,-0.59,-0.875
2,TTCTAGAattaaagAGGAgaaattattagcATGGCGAGCTCTGAAGACGTTATCAAAGAGTTCATGCGTTTCAAAGTTCGTATGGA,9,4296.2,1066.04,6,-0.05,-4.175
2,TTCTAGAattaaagAGGAgaaattataatagcATGGCGAGCTCTGAAGACGTTATCAAAGAGTTCATGCGTTTCAAAGTTCGTATGGA,11,1651.71,333.59,6,1.39,-4.175
2,TTCTAGAattaaTAAGGAGGaattaagcATGGCGAGCTCTGAAGACGTTATCAAAGAGTTCATGCGTTTCAAAGTTCGTATGGA,7,19196.38,2828.91,6,-5.1,-6.275
2,TTCTAGAattaaTAAGGAGGaatagcATGGCGAGCTCTGAAGACGTTATCAAAGAGTTCATGCGTTTCAAAGTTCGTATGGA,5,13936.57,2290.59,6,-7.28,-7.675
2,TTCTAGAattaaTAAGGAGGaattattagcATGGCGAGCTCTGAAGACGTTATCAAAGAGTTCATGCGTTTCAAAGTTCGTATGGA,9,8857.82,1238.56,6,-3.25,-5.675
2,TTCTAGAattaaTGAGGAAAaattaagcATGGCGAGCTCTGAAGACGTTATCAAAGAGTTCATGCGTTTCAAAGTTCGTATGGA,7,2511.95,592.92,6,2.3,0.625
2,TTCTAGAattaaATAGGACAaattaagcATGGCGAGCTCTGAAGACGTTATCAAAGAGTTCATGCGTTTCAAAGTTCGTATGGA,7,1436.8,261.32,6,4.2,2.525
2,TTCTAGAattaaTTAGGAGCaattaagcATGGCGAGCTCTGAAGACGTTATCAAAGAGTTCATGCGTTTCAAAGTTCGTATGGA,7,5632.93,1086.15,6,2.7,0.525
2,TTCTAGAattaaGGAGGATAaattaagcATGGCGAGCTCTGAAGACGTTATCAAAGAGTTCATGCGTTTCAAAGTTCGTATGGA,10,1572.63,293.86,6,-4.68,-7.175
2,TTCTAGAattaaGAAGGACTaattaagcATGGCGAGCTCTGAAGACGTTATCAAAGAGTTCATGCGTTTCAAAGTTCGTATGGA,7,903.1,173.87,6,1.1,-0.675
2,TTCTAGAattaaTGAGGATAaattaagcATGGCGAGCTCTGAAGACGTTATCAAAGAGTTCATGCGTTTCAAAGTTCGTATGGA,7,2985.88,697.9,6,2.5,0.825
2,TTCTAGAattaaTCAGGATCaattaagcATGGCGAGCTCTGAAGACGTTATCAAAGAGTTCATGCGTTTCAAAGTTCGTATGGA,7,1103.53,169.22,6,3.5,1.525
2,TTCTAGAattaaACAGGATAataagcATGGCGAGCTCTGAAGACGTTATCAAAGAGTTCATGCGTTTCAAAGTTCGTATGGA,5,2130.93,406.17,6,1.62,0.425
2,TTCTAGAattaaagaggagaaattaagcATGGCGAGCTCTGAAGACGTTATCAAAGAGTTCATGCGTTTCAAAGTTCGTATGGA,7,11640.4,2245.2,6,-1.1,-4.175
2,TTCTAGAtcacacaggaaaccggttcgATGGCGAGCTCTGAAGACGTTATCAAAGAGTTCATGCGTTTCAAAGTTCGTATGGA,7,561.87,128.14,6,3.6,1.125
2,TTCTAGAtcacacaggaaaggcctcgATGGCGAGCTCTGAAGACGTTATCAAAGAGTTCATGCGTTTCAAAGTTCGTATGGA,6,283.84,178.39,6,6.31,4.325
2,TTCTAGAtcacacaggacggccggATGGCGAGCTCTGAAGACGTTATCAAAGAGTTCATGCGTTTCAAAGTTCGTATGGA,4,104.01,29.42,6,3.23,2.225
3,TTCTAGAAACAAAATGAGGAGGTACTGAGATGGCGAGCTCTGAAGACGTTATCAAAGAGTTCATGCGTTTCAAAGTTCGT,6,30707.12,7456.48,6,-7.09,-9.075
3,TTCTAGAAAGCTGATAAGGAGGTATAACGATGGCGAGCTCTGAAGACGTTATCAAAGAGTTCATGCGTTTCAAAGTTCGT,6,32060.02,8372.3,6,-6.89,-8.475
3,TTCTAGAACAACTTAAGGAGGTATTCATGGCGAGCTCTGAAGACGTTATCAAAGAGTTCATGCGTTTCAAAGTTCGTATG,4,54989.62,11630.66,6,-6.47,-7.575
3,TTCTAGAAAAGTAAGGAGGTGCGGCTATGGCGAGCTCTGAAGACGTTATCAAAGAGTTCATGCGTTTCAAAGTTCGTATG,6,35444.23,8772.47,6,-6.09,-7.575
3,TTCTAGACTGGTGAGGAGGTGAGAATGGCGAGCTCTGAAGACGTTATCAAAGAGTTCATGCGTTTCAAAGTTCGTATGGA,4,13299.53,3445.31,6,-5.37,-6.375
3,TTCTAGAAAAGTAAGGAGGCGCGGCTATGGCGAGCTCTGAAGACGTTATCAAAGAGTTCATGCGTTTCAAAGTTCGTATG,6,10933.48,3349.66,6,-4.89,-6.275
3,TTCTAGACACAGAAAAAGGAGGGTCGCGATGGCGAGCTCTGAAGACGTTATCAAAGAGTTCATGCGTTTCAAAGTTCGTA,5,20289.53,4046.52,6,-4.38,-5.175
3,TTCTAGAAGGAGGTTTGGAATGGCGAGCTCTGAAGACGTTATCAAAGAGTTCATGCGTTTCAAAGTTCGTATGGAAGGTT,5,573.31,198.85,6,-3.68,-4.575
3,TTCTAGATGGGGAGTGTAAAATGGCGAGCTCTGAAGACGTTATCAAAGAGTTCATGCGTTTCAAAGTTCGTATGGAAGGT,4,1323.67,512.55,6,-3.37,-4.075
3,TTCTAGAGGGGGTTAACAAGATGGCGAGCTCTGAAGACGTTATCAAAGAGTTCATGCGTTTCAAAGTTCGTATGGAAGGT,7,654.43,229.76,6,-3.3,-6.775
3,TTCTAGAAGCGAGGAGGCAGTCGATGGCGAGCTCTGAAGACGTTATCAAAGAGTTCATGCGTTTCAAAGTTCGTATGGAA,5,4263.52,2492,6,-2.58,-5.375
3,TTCTAGATAGGGGGCGGTACATGGCGAGCTCTGAAGACGTTATCAAAGAGTTCATGCGTTTCAAAGTTCGTATGGAAGGT,5,555.22,223.49,6,-2.38,-2.875
3,TTCTAGAGATAAGTGAAGGAGGCCCGGCCATGGCGAGCTCTGAAGACGTTATCAAAGAGTTCATGCGTTTCAAAGTTCGT,6,7748.59,2110.48,6,-2.29,-4.075
3,TTCTAGAGGAGGATAACCACTATGGCGAGCTCTGAAGACGTTATCAAAGAGTTCATGCGTTTCAAAGTTCGTATGGAAGG,8,2279.12,588.68,6,-2.12,-5.675
3,TTCTAGAGATAAGTGAAGGAGGCCGGCCATGGCGAGCTCTGAAGACGTTATCAAAGAGTTCATGCGTTTCAAAGTTCGTA,5,7532.66,2615.49,6,-0.98,-2.075
3,TTCTAGAACACTAAGGAGACCAACTTGCATGGCGAGCTCTGAAGACGTTATCAAAGAGTTCATGCGTTTCAAAGTTCGTA,4,4170.16,1587.94,6,-0.82,-4.0245
3,TTCTAGAAAGTTAAGAGGCAAGAATGGCGAGCTCTGAAGACGTTATCAAAGAGTTCATGCGTTTCAAAGTTCGTATGGAA,4,1951.08,1283.65,6,0.63,-0.875
3,TTCTAGATTAACTGGGGGCTATCATGGCGAGCTCTGAAGACGTTATCAAAGAGTTCATGCGTTTCAAAGTTCGTATGGAA,4,2492.47,609.77,6,1.43,1.225
3,TTCTAGATGAGAATAAGGTTATGGCGAGCTCTGAAGACGTTATCAAAGAGTTCATGCGTTTCAAAGTTCGTATGGAAGGT,4,315.52,136.33,6,2.63,2.025
3,TTCTAGATAAGCAGGACCGGCGGCGATGGCGAGCTCTGAAGACGTTATCAAAGAGTTCATGCGTTTCAAAGTTCGTATGG,6,163.18,46.07,6,3.11,1.625
3,TTCTAGAAACCTCAAGGAATTCCCTATGGCGAGCTCTGAAGACGTTATCAAAGAGTTCATGCGTTTCAAAGTTCGTATGG,4,1633.61,483.36,6,3.13,1.725
3,TTCTAGAGGCGACAGGCGGATCTATCCCATGGCGAGCTCTGAAGACGTTATCAAAGAGTTCATGCGTTTCAAAGTTCGTA,5,304.04,130.63,6,4.08,4.825
3,TTCTAGAATAAAAAGGGACGCTAATGGCGAGCTCTGAAGACGTTATCAAAGAGTTCATGCGTTTCAAAGTTCGTATGGAA,6,206.18,93.27,6,4.31,2.525
3,TTCTAGAATAGAGTCGACGCATGGCGAGCTCTGAAGACGTTATCAAAGAGTTCATGCGTTTCAAAGTTCGTATGGAAGGT,5,63.31,35.14,6,4.72,3.425
3,TTCTAGAGAGTAATATTTCACATGGCGAGCTCTGAAGACGTTATCAAAGAGTTCATGCGTTTCAAAGTTCGTATGGAAGG,6,101.61,30.33,6,6.75,5.325
3,TTCTAGACGAGCTGGTACTTAAAAACATGGCGAGCTCTGAAGACGTTATCAAAGAGTTCATGCGTTTCAAAGTTCGTATG,10,115.85,42.73,6,6.92,1.725
3,TTCTAGATTCGCAGGGGGAAGATGGCGAGCTCTGAAGACGTTATCAAAGAGTTCATGCGTTTCAAAGTTCGTATGGAAGG,8,79.07,26.33,6,7.95,3.425
3,TTCTAGATTTCTCCCATAATAACTCGAACCATTACCGAGCTATGGCGAGCTCTGAAGACGTTATCAAAGAGTTCATGCGTTTCAAAGTTCGTATGGAAGG,11,4.14,8.17,6,14.59,10.525
3,TTCTAGAGGGAACGATTTAGGCCAATTATTAAAACCGACCCCATGGCGAGCTCTGAAGACGTTATCAAAGAGTTGAAGACGTTATCAAAGAGTTCATGCGTTTCAAAGTTCGTATGGAAGG,16,5.61,0.63,6,16.22,4.725
4.1,TTCTAGATTAGGCCTGATCTAAGCCATTAACTTTAGTTATGGCTGAAGCGCAAAACGATCCCCTGGCGAGCTCTGAAGACGTT,10,0.3,1.36,6,14.52,11.225
4.1,TTCTAGACCAGTCGCGTACCGCTATTGGTCCAGCTACAATGGCTGAAGCGCAAAACGATCCCCTGGCGAGCTCTGAAGACGTT,3,1.12,3.4,6,13.15,11.825
4.1,TTCTAGATTCTAaaggaggAGTCCGGGATGGCTGAAGCGCAAAATGATCCCCTGATGGCGAGCTCTGAAGACGTT,7,3457.99,39.94,6,-2.8,-4.675
4.1,TTCTAGAAAAGGAAGTAAAGGGGATATTAATGGCTGAAGCGCAAAACGATCCCGCCGCGAGCTCTGAAGACGTT,4,5200.8,1123.33,6,-0.17,-1.575
4.1,TTCTAGACGTAAATAACAATTCATTCAGTCTGAAGCTAATCAATGGCTGAAGCGCAAAACGATCCCCTGGCGAGCTCTGAAGACGTT,5,9.03,2.34,6,6.21,6.225
4.1,TTCTAGAAATATTAACCGAAAGACGGAAAACCACTTCCCCATGGCTGAAGCGCAAAACGATCCCCTGGCGAGCTCTGAAGACGTT,10,609.67,163.02,6,2.92,0.225
4.1,TTCTAGACTGACACAATATACGTAGAATTGGACACCACTATGGCTGAAGCGCAAAACGATCCCCTGGCGAGCTCTGAAGACGTT,4,1623.96,197.27,6,-0.87,-0.575
4.1,TTCTAGATATACCTATAAATCTAAGGACCTATTTTTATCTATGGCTGAAGCGCAAAACGATCCCCTGGCGAGCTCTGAAGACGTT,10,3013.96,598.95,6,-4.38,-5.275
4.1,TTCTAGATACCCACTTAAGGAGAGTAATATATCATGGCTGAAGCGCAAAACGATCCCCTGGCGAGCTCTGAAGACGTT,9,32070.51,2401.42,6,-5.55,-6.875
4.1,TTCTAGACTGAAATTTACTTTGTAATAAGAGAGGAATATATGGCTGAAGCGCAAAACGATCCCCTGGCGAGCTCTGAAGACGTT,5,46676.76,1741.89,6,-6.78,-6.375
4.1,TTCTAGAACAACAACAAATAAGGAGTAAATAGATGGCTGAAGCGCAAAACGATCCCCTGGCGAGCTCTGAAGACGTT,5,44658.2,1113.66,6,-8.38,-8.675
4.1,TTCTAGAACCCCACGACTAAACTATAAAATAAGGAGGTACGCATGGCTGAAGCGCAAAACGATCCCCTGGCGAGCTCTGAAGACGTT,4,69547.59,3546.5,6,-8.57,-9.075
4.2,TTCTAGAGGTATTACGTTTCAGGCCAGCGTCACCCAGATCGATGTCCAGATTAGATAAAAGTAAAGTTGCGAGCTCTGAAGACG,4,680.37,195.99,6,13.1,2.2755
4.2,TTCTAGACGTTACCACGTCGGCCGAAAATCGTTTCAGCTGCCATGTCCAGATTAGATAAAAGTAAAGTTGCGAGCTCTGAAGACG,4,212.48,45.62,6,16.47,3.3755
4.2,TTCTAGAGTGCAtaaggagTGCTCGATGTCCAGATTAGATAAAAGTAAAGTGATGGCGAGCTCTGAAGACG,4,30901.02,1420.73,6,-4.47,-4.775
4.2,TTCTAGATTGATAGATAAGGACAAAGTTATGTCCAGATTAGATAAAAGTAAAGTTGCGAGCTCTGAAGACG,4,12548.3,1437.77,6,-0.77,-1.275
4.2,TTCTAGAGTCAAGGACCTCTTGGCGGTTATCTTAAGGCACAATGTCCAGATTAGATAAAAGTAAAGTTGCGAGCTCTGAAGACG,5,328.15,56.1,6,0.65,4.725
4.2,TTCTAGATGACCACCATAGGTTGGATACAAATACCACAGGATGTCCAGATTAGATAAAAGTAAAGTTGCGAGCTCTGAAGACG,12,2502.82,507.78,6,3.36,0.025
4.2,TTCTAGATAAGAAAACCACCCTACAAAGAAAACCCTAATTAGATGTCCAGATTAGATAAAAGTAAAGTTGCGAGCTCTGAAGACG,9,1684.75,325.15,6,1.15,-1.275
4.2,TTCTAGACTAGATTAGAAAGGAGGTACCACACCACAAAAGTAATGTCCAGATTAGATAAAAGTAAAGTTGCGAGCTCTGAAGACG,17,806.69,493.62,6,-3.38,-13.075
4.2,TTCTAGATTAGACCTGACTAACAAGAGGTAGGGGGATCATATGTCCAGATTAGATAAAAGTAAAGTTGCGAGCTCTGAAGACG,4,59602.62,26031.95,6,-4.77,-5.675
4.2,TTCTAGAAGAACAATACAGGAGGACAATTCGCCCTATGTCCAGATTAGATAAAAGTAAAGTTGCGAGCTCTGAAGACG,11,81224.76,27649.64,6,-5.31,-8.675
4.2,TTCTAGATAAGTCATTCACAGAACAAACACGAGGTATCATATGTCCAGATTAGATAAAAGTAAAGTTGCGAGCTCTGAAGACG,5,21715.27,1508.97,6,-7.68,-7.575
5,TTCTAGAACGACTATTTTTTCCACTATTGAGGTATAAATGGCGAGCTCTGAAGACGTTATCAAAGAGTTCATGCGTTTCAAAGT,4,2575.02,714.25,6,2.03,1.425
5,TTCTAGAACGACTATTTTTTCCACTATTGAGGTATAAGTGAAACCAGTAACGTTATACGGCGTCGCGAGCTCTGAAGACGTTAT,4,6094.22,2342.94,6,-0.25,-0.3558
5,TTCTAGAACACTTTACTTTTTAATTAGCAGGAGATTTAAAAAATGGCGAGCTCTGAAGACGTTATCAAAGAGTTCATGCGTTTC,7,17795.97,2946.19,6,-1.2,-2.275
5,TTCTAGAACACTTTACTTTTTAATTAGCAGGAGATTTAAAAAGTGAAACCAGTAACGTTATACGGCGTCGCGAGCTCTGAAGAC,7,12708.84,2285.45,6,3.82,2.3442
5,TTCTAGATTCACGTCAACATTTAAGGAGGATATCGACATGGCGAGCTCTGAAGACGTTATCAAAGAGTTCATGCGTTTCAAAGT,7,31160.84,4973.79,6,-6,-6.275
5,TTCTAGATTCACGTCAACATTTAAGGAGGATATCGACGTGAAACCAGTAACGTTATACGGCGTCGCGAGCTCTGAAGACGTTAT,7,1453.09,229.1,6,0.32,-1.3558
5,TTCTAGACAGAAAAAATAGAATAAGGAGGTTTCACTATCATGGCGAGCTCTGAAGACGTTATCAAAGAGTTCATGCGTTTCAAA,9,8099.68,1836.08,6,-7.35,-9.475
5,TTCTAGACAGAAAAAATAGAATAAGGAGGTTTCACTATCGTGAAACCAGTAACGTTATACGGCGTCGCGAGCTCTGAAGACGTT,9,2820.32,510.36,6,0.27,-2.3558
5,TTCTAGATTCCCCCGGAAACCAATAAAAGAAGGCCATCGTCATGGCGAGCTCTGAAGACGTTATCAAAGAGTTCATGCGTTTCA,7,231.71,41.81,6,5.8,4.825
5,TTCTAGATTCCCCCGGAAACCAATAAAAGAAGGCCATCGTCATGTCCAGATTAGATAAAAGTAAAGTTGCGAGCTCTGAAGACG,7,99171.01,60261.12,6,-5.1,-4.175
5,TTCTAGATGGAGAAGCCATTAATATTAAGGAAGGTAACAATGGCGAGCTCTGAAGACGTTATCAAAGAGTTCATGCGTTTCAAA,5,129.08,39.93,6,-0.68,-2.275
5,TTCTAGATGGAGAAGCCATTAATATTAAGGAAGGTAACAATGTCCAGATTAGATAAAAGTAAAGTTGCGAGCTCTGAAGACGTT,5,74088.14,13161.01,6,-11.38,-10.375
5,TTCTAGACCCACGTACCGATTAAAGGAGGCCTAGTAATGGCGAGCTCTGAAGACGTTATCAAAGAGTTCATGCGTTTCAAAGTT,6,3313.72,386.05,6,-1.19,-3.675
5,TTCTAGACCCACGTACCGATTAAAGGAGGCCTAGTAATGTCCAGATTAGATAAAAGTAAAGTTGCGAGCTCTGAAGACGTTATC,6,62781.45,5412.58,6,-8.29,-9.475
5,TTCTAGAATAACCAGGGTAATAAGGAAGTACACAGACCATGGCGAGCTCTGAAGACGTTATCAAAGAGTTCATGCGTTTCAAAG,9,632.64,139.42,6,3.45,0.225
5,TTCTAGAATAACCAGGGTAATAAGGAAGTACACAGACCATGTCCAGATTAGATAAAAGTAAAGTTGCGAGCTCTGAAGACGTTA,9,83090.26,37992.75,6,-6.85,-8.675
5,TTCTAGAAAAACACCATATAAGTACAGAGAGGTAGAATATGGCGAGCTCTGAAGACGTTATCAAAGAGTTCATGCGTTTCAAAG,6,13687.71,3005.51,6,1.91,1.625
5,TTCTAGAAAAACACCATATAAGTACAGAGAGGTAGAATATGTCCAGATTAGATAAAAGTAAAGTTGCGAGCTCTGAAGACGTTA,6,62243.38,33169.53,6,-8.09,-8.375
5,TTCTAGAACTGTCCATAGATTTGAAAAGACCTTATCCCATGGCGAGCTCTGAAGACGTTATCAAAGAGTTCATGCGTTTCAAAG,5,43.26,22.46,6,7.82,5.725
5,TTCTAGAACTGTCCATAGATTTGAAAAGACCTTATCCCATGGCTGAAGCGCAAAACGATCCCCTGGCGAGCTCTGAAGACGTTA,5,819.84,245.37,6,2.32,2.825
5,TTCTAGAAACCACACTCCGTTTTTAGTAGGAGACCAAAAATGGCGAGCTCTGAAGACGTTATCAAAGAGTTCATGCGTTTCAAA,5,1486.26,202.8,6,3.92,3.425
5,TTCTAGAAACCACACTCCGTTTTTAGTAGGAGACCAAAAATGGCTGAAGCGCAAAACGATCCCCTGGCGAGCTCTGAAGACGTT,5,9799.17,2382.64,6,-1.18,-0.275
5,TTCTAGAAATTATAAACTTTCGGAACAAACGGAGTCATCAAATGGCGAGCTCTGAAGACGTTATCAAAGAGTTCATGCGTTTCA,5,1002.76,101.4,6,1.92,1.825
5,TTCTAGAAATTATAAACTTTCGGAACAAACGGAGTCATCAAATGGCTGAAGCGCAAAACGATCCCCTGGCGAGCTCTGAAGACG,5,4463.6,375.04,6,-3.38,-2.275
5,TTCTAGAACGATCTGCACAACTCAAAATAAGGTAGGCGGCATGGCGAGCTCTGAAGACGTTATCAAAGAGTTCATGCGTTTCAA,4,1211.81,199.15,6,1.33,-0.875
5,TTCTAGAACGATCTGCACAACTCAAAATAAGGTAGGCGGCATGGCTGAAGCGCAAAACGATCCCCTGGCGAGCTCTGAAGACGT,4,8211.15,2245.01,6,-3.57,-4.275
5,TTCTAGATTTATACATCCGACTTTAAGGAGGCGACCTCATGGCGAGCTCTGAAGACGTTATCAAAGAGTTCATGCGTTTCAAAG,6,6600.75,1358.59,6,-4.59,-5.075
5,TTCTAGATTTATACATCCGACTTTAAGGAGGCGACCTCATGGCTGAAGCGCAAAACGATCCCCTGGCGAGCTCTGAAGACGTTA,6,22522.86,1937.76,6,-7.49,-8.475
6,TTCTAGA AAAGTAAGGAGGCGATGGC GAGCTCTGAAGACGTTATCAAAGAGTTCATGCGTTTCAAAGTTCGTATGGA,1,2.85,4.84,6,6.58,-5.775
6,TTCTAGA AAAGTAAGGAGGCGCATGGC GAGCTCTGAAGACGTTATCAAAGAGTTCATGCGTTTCAAAGTTCGTATGGA,2,7.21,1.39,6,4.25,-5.875
6,TTCTAGA AAAGTAAGGAGGCGCGATGGC GAGCTCTGAAGACGTTATCAAAGAGTTCATGCGTTTCAAAGTTCGTATGGA,3,569.76,95.81,6,-3.55,-5.575
6,TTCTAGA AAAGTAAGGAGGCGCGGCATGGC GAGCTCTGAAGACGTTATCAAAGAGTTCATGCGTTTCAAAGTTCGTATGGA,5,1306.95,174.96,6,-4.88,-5.675
6,TTCTAGA AAAGTAAGGAGGCGCGGCTAATGGC GAGCTCTGAAGACGTTATCAAAGAGTTCATGCGTTTCAAAGTTCGTATGGA,7,1632.96,185.56,6,-4.4,-5.775
6,TTCTAGA AAAGTAAGGAGGCGCGGCTAAATGGC GAGCTCTGAAGACGTTATCAAAGAGTTCATGCGTTTCAAAGTTCGTATGGA,8,1844.38,1091.03,6,-3.22,-5.775
6,TTCTAGA AAAGTAAGGAGGCGCGGCTAAATCTATGGC GAGCTCTGAAGACGTTATCAAAGAGTTCATGCGTTTCAAAGTTCGTATGGA,12,1015.14,123.96,6,0.66,-4.575
6,TTCTAGA AAAGTAAGGAGGCGCGGCTAAATCTTCATGGC GAGCTCTGAAGACGTTATCAAAGAGTTCATGCGTTTCAAAGTTCGTATGGA,14,80.35,20.06,6,2.47,-4.675
6,TTCTAGA AAAGTAAGGAGGCGCGGCTAAATCTTCTATGGC GAGCTCTGAAGACGTTATCAAAGAGTTCATGCGTTTCAAAGTTCGTATGGA,15,48.27,7.68,6,3.62,-4.975
6,TTCTAGA AAAGTAAGGAGGCGCGGCTAAATCTTCTTATGGC GAGCTCTGAAGACGTTATCAAAGAGTTCATGCGTTTCAAAGTTCGTATGGA,16,50.67,6.72,6,5.27,-2.575
6,TTCTAGA AAAGTAAGGAGGCGCGGCTAAATCTTCTTATC ATGGC GAGCTCTGAAGACGTTATCAAAGAGTTCATGCGTTTCAAAGTTCGTATGGA,19,2.26E+01,4.07E+00,6,9.19,-2.575