RNA,codon,start_pos,dG_total,dG_rRNA:mRNA,dG_mRNA,dG_Spacing,dG_Standby,dG_Start_Codon,Expression
TTCTAGAAAAAAAATAAGGAGGTATGGCGAGCTCTGAAGACGTTATCAAAGAGTTCATGCGTTTCAAAGTTCGTATGGAA,ATG,23,4.104779483478407,-13.5,-9.1,12.179779483478407,0.0,-1.194,394.1417080521397
TTCTAGAAAAAAAATAAGGAGGTATGGCGAGCTCTGAAGACGTTATCAAAGAGTTCATGCGTTTCAAAGTTCGTATGGAA,ATG,56,19.6416774682737,-2.5,-13.86,11.9566774682737,0.0,-1.194,0.3621876563559186
TTCTAGAAAAAAAATAAGGAGGTATGGCGAGCTCTGAAGACGTTATCAAAGAGTTCATGCGTTTCAAAGTTCGTATGGAA,ATG,74,4.6703255821408405,1.94,-6.4,0.005325582140839866,0.0,-1.194,305.573186588824
TTCTAGAAAAAAAATAAGGAGGTAATGGCGAGCTCTGAAGACGTTATCAAAGAGTTCATGCGTTTCAAAGTTCGTATGGA,ATG,24,-1.2499999999999982,-8.2,-9.1,1.525,0.0,-1.194,4387.883478587699
TTCTAGAAAAAAAATAAGGAGGTAATGGCGAGCTCTGAAGACGTTATCAAAGAGTTCATGCGTTTCAAAGTTCGTATGGA,ATG,57,19.6416774682737,-2.5,-13.86,11.9566774682737,0.0,-1.194,0.3621876563559186
TTCTAGAAAAAAAATAAGGAGGTAATGGCGAGCTCTGAAGACGTTATCAAAGAGTTCATGCGTTTCAAAGTTCGTATGGA,ATG,75,4.6703255821408405,1.94,-6.4,0.005325582140839866,0.0,-1.194,305.573186588824
TTCTAGAAAAAAAATAAGGAGGTAAATGGCGAGCTCTGAAGACGTTATCAAAGAGTTCATGCGTTTCAAAGTTCGTATGG,ATG,25,-2.769674417859159,-8.2,-9.1,0.005325582140839866,0.0,-1.194,8695.180161554472
TTCTAGAAAAAAAATAAGGAGGTAAATGGCGAGCTCTGAAGACGTTATCAAAGAGTTCATGCGTTTCAAAGTTCGTATGG,ATG,58,19.6416774682737,-2.5,-13.86,11.9566774682737,0.0,-1.194,0.3621876563559186
TTCTAGAAAAAAAATAAGGAGGTAAATGGCGAGCTCTGAAGACGTTATCAAAGAGTTCATGCGTTTCAAAGTTCGTATGG,ATG,76,3.3703255821408398,1.94,-5.1,0.005325582140839866,0.0,-1.194,548.5332068432607
TTCTAGAAAAAAAATAAGGAGGTAAAATGGCGAGCTCTGAAGACGTTATCAAAGAGTTCATGCGTTTCAAAGTTCGTATG,ATG,26,-6.549999999999999,-13.5,-9.1,1.525,0.0,-1.194,47659.668272375064
TTCTAGAAAAAAAATAAGGAGGTAAAATGGCGAGCTCTGAAGACGTTATCAAAGAGTTCATGCGTTTCAAAGTTCGTATG,ATG,59,19.6416774682737,-2.5,-13.86,11.9566774682737,0.0,-1.194,0.3621876563559186
TTCTAGAAAAAAAATAAGGAGGTAAAATGGCGAGCTCTGAAGACGTTATCAAAGAGTTCATGCGTTTCAAAGTTCGTATG,ATG,77,2.3703255821408398,1.94,-4.1,0.005325582140839866,0.0,-1.194,860.3100293901648
